{
  "ok": true,
  "city": {
    "name": "Umeå",
    "center": [
      63.8258,
      20.263
    ],
    "zoom": 12
  },
  "ride_cost_sek": 150.0,
  "defaults": {
    "budget_sek": 400000.0,
    "cost_standard": 16.0,
    "cost_premium": 40.0
  },
  "response": {
    "ceiling": 2.2,
    "scale": 22.0
  },
  "districts": [
    {
      "key": "centrum",
      "name": "Centrum",
      "households": 5200,
      "median_income_ksek": 300,
      "median_age": 40,
      "owner_share": 0.18,
      "center": [
        63.8258,
        20.263
      ],
      "polygon": [
        [
          63.832858,
          20.263
        ],
        [
          63.830509,
          20.273676
        ],
        [
          63.8258,
          20.277808
        ],
        [
          63.82076,
          20.274427
        ],
        [
          63.817382,
          20.263
        ],
        [
          63.820688,
          20.251411
        ],
        [
          63.8258,
          20.245106
        ],
        [
          63.831268,
          20.250603
        ]
      ],
      "uplift_sek": 30.58
    },
    {
      "key": "haga",
      "name": "Haga",
      "households": 2600,
      "median_income_ksek": 370,
      "median_age": 50,
      "owner_share": 0.6,
      "center": [
        63.8205,
        20.247
      ],
      "polygon": [
        [
          63.826692,
          20.247
        ],
        [
          63.824547,
          20.256173
        ],
        [
          63.8205,
          20.262141
        ],
        [
          63.816488,
          20.256094
        ],
        [
          63.814672,
          20.247
        ],
        [
          63.816439,
          20.237794
        ],
        [
          63.8205,
          20.232132
        ],
        [
          63.825131,
          20.236503
        ]
      ],
      "uplift_sek": 51.25
    },
    {
      "key": "alidhem",
      "name": "Ålidhem",
      "households": 6800,
      "median_income_ksek": 160,
      "median_age": 25,
      "owner_share": 0.05,
      "center": [
        63.819,
        20.31
      ],
      "polygon": [
        [
          63.826157,
          20.31
        ],
        [
          63.825382,
          20.324466
        ],
        [
          63.819,
          20.32983
        ],
        [
          63.813763,
          20.321869
        ],
        [
          63.81104,
          20.31
        ],
        [
          63.812927,
          20.296236
        ],
        [
          63.819,
          20.293739
        ],
        [
          63.824616,
          20.297272
        ]
      ],
      "uplift_sek": 7.61
    },
    {
      "key": "mariehem",
      "name": "Mariehem",
      "households": 4200,
      "median_income_ksek": 285,
      "median_age": 42,
      "owner_share": 0.5,
      "center": [
        63.844,
        20.278
      ],
      "polygon": [
        [
          63.851459,
          20.278
        ],
        [
          63.848691,
          20.288642
        ],
        [
          63.844,
          20.294887
        ],
        [
          63.839359,
          20.288528
        ],
        [
          63.836444,
          20.278
        ],
        [
          63.838354,
          20.265192
        ],
        [
          63.844,
          20.259909
        ],
        [
          63.849865,
          20.264695
        ]
      ],
      "uplift_sek": 38.71
    },
    {
      "key": "ersboda",
      "name": "Ersboda",
      "households": 4800,
      "median_income_ksek": 245,
      "median_age": 38,
      "owner_share": 0.45,
      "center": [
        63.856,
        20.29
      ],
      "polygon": [
        [
          63.863911,
          20.29
        ],
        [
          63.861222,
          20.301851
        ],
        [
          63.856,
          20.30669
        ],
        [
          63.850319,
          20.302893
        ],
        [
          63.849244,
          20.29
        ],
        [
          63.851521,
          20.279835
        ],
        [
          63.856,
          20.271824
        ],
        [
          63.861311,
          20.277946
        ]
      ],
      "uplift_sek": 33.4
    },
    {
      "key": "tomtebo",
      "name": "Tomtebo",
      "households": 3600,
      "median_income_ksek": 360,
      "median_age": 39,
      "owner_share": 0.66,
      "center": [
        63.812,
        20.332
      ],
      "polygon": [
        [
          63.820092,
          20.332
        ],
        [
          63.81635,
          20.341857
        ],
        [
          63.812,
          20.346497
        ],
        [
          63.807451,
          20.342308
        ],
        [
          63.804089,
          20.332
        ],
        [
          63.80686,
          20.320352
        ],
        [
          63.812,
          20.314297
        ],
        [
          63.816335,
          20.322176
        ]
      ],
      "uplift_sek": 48.95
    },
    {
      "key": "umedalen",
      "name": "Umedalen",
      "households": 2200,
      "median_income_ksek": 420,
      "median_age": 52,
      "owner_share": 0.78,
      "center": [
        63.833,
        20.185
      ],
      "polygon": [
        [
          63.838813,
          20.185
        ],
        [
          63.837296,
          20.194741
        ],
        [
          63.833,
          20.201211
        ],
        [
          63.82899,
          20.194093
        ],
        [
          63.825553,
          20.185
        ],
        [
          63.828984,
          20.175894
        ],
        [
          63.833,
          20.168448
        ],
        [
          63.838034,
          20.173585
        ]
      ],
      "uplift_sek": 60.56
    }
  ],
  "uplift": {
    "centrum": 30.57755,
    "haga": 51.24668,
    "alidhem": 7.610411,
    "mariehem": 38.709321,
    "ersboda": 33.399651,
    "tomtebo": 48.952697,
    "umedalen": 60.557739
  },
  "solution": {
    "ok": true,
    "solver": "referens (uttömmande + fraktionell knapsack)",
    "economics": {
      "budget_sek": 400000.0,
      "cost_standard": 16.0,
      "cost_premium": 40.0,
      "effectiveness_standard": 1.137,
      "effectiveness_premium": 1.843,
      "ride_cost_sek": 150.0
    },
    "kpis": {
      "net_profit_sek": 713950.41,
      "gross_donations_sek": 1113950.41,
      "spend_sek": 400000.0,
      "budget_sek": 400000.0,
      "budget_utilization": 1.0,
      "units_standard": 19500,
      "units_premium": 2200,
      "units_total": 21700,
      "free_rides_funded": 4759,
      "districts_premium": 1,
      "districts_standard": 5,
      "districts_partial": 1,
      "districts_skipped": 1
    },
    "districts": [
      {
        "key": "centrum",
        "name": "Centrum",
        "households": 5200,
        "uplift_sek": 30.58,
        "decision": "standard",
        "coverage": 0.8269,
        "effectiveness": 1.137,
        "units": 4300,
        "cost_sek": 68800.0,
        "gross_sek": 149484.19,
        "net_sek": 80684.19,
        "roi": 1.173,
        "reason": "Standard: bäst nettovinst per krona här. Budgeten räcker till 83% täckning."
      },
      {
        "key": "haga",
        "name": "Haga",
        "households": 2600,
        "uplift_sek": 51.25,
        "decision": "standard",
        "coverage": 1.0,
        "effectiveness": 1.137,
        "units": 2600,
        "cost_sek": 41600.0,
        "gross_sek": 151482.75,
        "net_sek": 109882.75,
        "roi": 2.641,
        "reason": "Standard: bäst nettovinst per krona här."
      },
      {
        "key": "alidhem",
        "name": "Ålidhem",
        "households": 6800,
        "uplift_sek": 7.61,
        "decision": "none",
        "coverage": 0.0,
        "effectiveness": 0.0,
        "units": 0,
        "cost_sek": 0.0,
        "gross_sek": 0.0,
        "net_sek": 0.0,
        "roi": null,
        "reason": "Avstår: ett utskick skulle gå med förlust (lyftet täcker inte kostnaden)."
      },
      {
        "key": "mariehem",
        "name": "Mariehem",