{
  "ok": true,
  "city": {
    "name": "Umeå",
    "center": [
      63.8258,
      20.263
    ],
    "zoom": 12
  },
  "defaults": {
    "budget_sek": 400000.0,
    "cost_standard": 16.0,
    "cost_premium": 40.0
  },
  "response": {
    "ceiling": 2.2,
    "scale": 22.0
  },
  "districts": [
    {
      "key": "centrum",
      "name": "Centrum",
      "households": 5200,
      "median_income_ksek": 300,
      "median_age": 40,
      "owner_share": 0.18,
      "center": [
        63.8258,
        20.263
      ],
      "polygon": [
        [
          63.833,
          20.263
        ],
        [
          63.831335,
          20.275549
        ],
        [
          63.8258,
          20.280449
        ],
        [
          63.821282,
          20.273243
        ],
        [
          63.817799,
          20.263
        ],
        [
          63.821351,
          20.252914
        ],
        [
          63.8258,
          20.248854
        ],
        [
          63.83041,
          20.252548
        ]
      ],
      "uplift_sek": 30.58
    },
    {
      "key": "haga",
      "name": "Haga",
      "households": 2600,
      "median_income_ksek": 370,
      "median_age": 50,
      "owner_share": 0.6,
      "center": [
        63.8205,
        20.247
      ],
      "polygon": [
        [
          63.82697,
          20.247
        ],
        [
          63.825807,
          20.259029
        ],
        [
          63.8205,
          20.261262
        ],
        [
          63.815666,
          20.257957
        ],
        [
          63.813019,
          20.247
        ],
        [
          63.815999,
          20.236798
        ],
        [
          63.8205,
          20.233127
        ],
        [
          63.824514,
          20.237901
        ]
      ],
      "uplift_sek": 51.25
    },
    {
      "key": "alidhem",
      "name": "Ålidhem",
      "households": 6800,
      "median_income_ksek": 160,
      "median_age": 25,
      "owner_share": 0.05,
      "center": [
        63.819,
        20.31
      ],
      "polygon": [
        [
          63.827528,
          20.31
        ],
        [
          63.824631,
          20.322763
        ],
        [
          63.819,
          20.326281
        ],
        [
          63.81293,
          20.323757
        ],
        [
          63.810294,
          20.31
        ],
        [
          63.813543,
          20.297631
        ],
        [
          63.819,
          20.295096
        ],
        [
          63.823616,
          20.299539
        ]
      ],
      "uplift_sek": 7.61
    },
    {
      "key": "mariehem",
      "name": "Mariehem",
      "households": 4200,
      "median_income_ksek": 285,
      "median_age": 42,
      "owner_share": 0.5,
      "center": [
        63.844,
        20.278
      ],
      "polygon": [
        [
          63.850987,
          20.278
        ],
        [
          63.848424,
          20.288036
        ],
        [
          63.844,
          20.296158
        ],
        [
          63.838932,
          20.289496
        ],
        [
          63.83617,
          20.278
        ],
        [
          63.839605,
          20.26803
        ],
        [
          63.844,
          20.262102
        ],
        [
          63.849861,
          20.264704
        ]
      ],
      "uplift_sek": 38.71
    },
    {
      "key": "ersboda",
      "name": "Ersboda",
      "households": 4800,
      "median_income_ksek": 245,
      "median_age": 38,
      "owner_share": 0.45,
      "center": [
        63.856,
        20.29
      ],
      "polygon": [
        [
          63.862398,
          20.29
        ],
        [
          63.860621,
          20.300488
        ],
        [
          63.856,
          20.304548
        ],
        [
          63.85119,
          20.300916
        ],
        [
          63.848724,
          20.29
        ],
        [
          63.850161,
          20.276749
        ],
        [
          63.856,
          20.272542
        ],
        [
          63.861955,
          20.276486
        ]
      ],
      "uplift_sek": 33.4
    },
    {
      "key": "tomtebo",
      "name": "Tomtebo",
      "households": 3600,
      "median_income_ksek": 360,
      "median_age": 39,
      "owner_share": 0.66,
      "center": [
        63.812,
        20.332
      ],
      "polygon": [
        [
          63.819345,
          20.332
        ],
        [
          63.816097,
          20.341283
        ],
        [
          63.812,
          20.349101
        ],
        [
          63.807543,
          20.342099
        ],
        [
          63.804701,
          20.332
        ],
        [
          63.806458,
          20.319441
        ],
        [
          63.812,
          20.314459
        ],
        [
          63.81618,
          20.322528
        ]
      ],
      "uplift_sek": 48.95
    },
    {
      "key": "umedalen",
      "name": "Umedalen",
      "households": 2200,
      "median_income_ksek": 420,
      "median_age": 52,
      "owner_share": 0.78,
      "center": [
        63.833,
        20.185
      ],
      "polygon": [
        [
          63.839723,
          20.185
        ],
        [
          63.837792,
          20.195866
        ],
        [
          63.833,
          20.201996
        ],
        [
          63.827845,
          20.19669
        ],
        [
          63.825907,
          20.185
        ],
        [
          63.827691,
          20.17296
        ],
        [
          63.833,
          20.168201
        ],
        [
          63.83718,
          20.175521
        ]
      ],
      "uplift_sek": 60.56
    }
  ],
  "uplift": {
    "centrum": 30.57755,
    "haga": 51.24668,
    "alidhem": 7.610411,
    "mariehem": 38.709321,
    "ersboda": 33.399651,
    "tomtebo": 48.952697,
    "umedalen": 60.557739
  },
  "solution": {
    "ok": true,
    "solver": "referens (uttömmande + fraktionell knapsack)",
    "economics": {
      "budget_sek": 400000.0,
      "cost_standard": 16.0,
      "cost_premium": 40.0,
      "effectiveness_standard": 1.137,
      "effectiveness_premium": 1.843
    },
    "kpis": {
      "net_profit_sek": 713950.41,
      "gross_donations_sek": 1113950.41,
      "spend_sek": 400000.0,
      "budget_sek": 400000.0,
      "budget_utilization": 1.0,
      "units_standard": 19500,
      "units_premium": 2200,
      "units_total": 21700,
      "households_total": 29400,
      "households_reached": 21700,
      "reach": 0.7381,
      "districts_premium": 1,
      "districts_standard": 5,
      "districts_partial": 1,
      "districts_skipped": 1
    },
    "districts": [
      {
        "key": "centrum",
        "name": "Centrum",
        "households": 5200,
        "uplift_sek": 30.58,
        "decision": "standard",
        "coverage": 0.8269,
        "effectiveness": 1.137,
        "units": 4300,
        "cost_sek": 68800.0,
        "gross_sek": 149484.19,
        "net_sek": 80684.19,
        "roi": 1.173,
        "reason": "Standard: bäst nettovinst per krona här. Budgeten räcker till 83% täckning."
      },
      {
        "key": "haga",
        "name": "Haga",
        "households": 2600,
        "uplift_sek": 51.25,
        "decision": "standard",
        "coverage": 1.0,
        "effectiveness": 1.137,
        "units": 2600,
        "cost_sek": 41600.0,
        "gross_sek": 151482.75,
        "net_sek": 109882.75,
        "roi": 2.641,
        "reason": "Standard: bäst nettovinst per krona här."
      },
      {
        "key": "alidhem",
        "name": "Ålidhem",
        "households": 6800,
        "uplift_sek": 7.61,
        "decision": "none",
        "coverage": 0.0,
        "effectiveness": 0.0,
        "units": 0,
        "cost_sek": 0.0,
        "gross_sek": 0.0,
        "net_sek": 0.0,
        "roi": null,
        "reason": "Avstår: ett utskick skulle gå med förlust (lyftet täcker inte kostnaden)."
      },
      {
        "key": "mariehem",
        "name": "Mariehem",